<?xml version="1.0" encoding="UTF-8"?>
<!DOCTYPE fontscolors PUBLIC "-//NetBeans//DTD Editor Fonts and Colors settings 1.2//EN" "https://netbeans.apache.org/dtds/EditorFontsColors-1_2.dtd">
<fontscolors>
    <fontcolor name="org-netbeans-modules-cnd-navigation-overrides"/>
    <fontcolor bgColor="ffdcdcd8" name="Dbx_Bpt_cmpx_hit_dis"/>
    <fontcolor name="org-netbeans-modules-git-remote-Annotation"/>
    <fontcolor name="PinnedWatch"/>
    <fontcolor bgColor="fffc9d9f" name="Dbx_Bpt"/>
    <fontcolor bgColor="ffdcdcd8" name="DisabledFunctionBreakpoint"/>
    <fontcolor bgColor="fffc9d9f" name="FunctionBreakpoint"/>
    <fontcolor name="Deprecation" waveUnderlined="ffc0c000"/>
    <fontcolor name="org-netbeans-modules-cnd-navigation-specializes"/>
    <fontcolor bgColor="ffbde6aa" name="Dbx_PC"/>
    <fontcolor bgColor="ffbde6aa" name="Dbx_Bpt_cmpx_hit_broken"/>
    <fontcolor name="org-netbeans-modules-cnd-highlight-security-error"/>
    <fontcolor bgColor="fffc9d9f" name="AddressBreakpoint"/>
    <fontcolor bgColor="fffc9d9f" name="Dbx_Bpt_compound"/>
    <fontcolor bgColor="ffdcdcd8" name="FunctionBreakpoint_broken"/>
    <fontcolor bgColor="ffdcdcd8" name="Dbx_Bpt_hit_dis"/>
    <fontcolor name="org-netbeans-modules-cnd-navigation-is_overridden_pseudo"/>
    <fontcolor bgColor="ffdcdcd8" name="Dbx_Bpt_cmpx_broken_dis"/>
    <fontcolor name="org-netbeans-modules-cnd-navigation-is_overridden_combined_pseudo"/>
    <fontcolor name="org-netbeans-modules-cnd-navigation-extended_specializes"/>
    <fontcolor bgColor="fffc9d9f" name="Dbx_Bpt_cmpx_broken"/>
    <fontcolor name="org-netbeans-modules-cnd-navigation-extended_is_specialized"/>
    <fontcolor bgColor="fffc9d9f" name="CondFuncBreakpoint"/>
    <fontcolor name="Warning" waveUnderlined="ffc0c000"/>
    <fontcolor bgColor="ffdcdcd8" name="Dbx_Bpt_cmpx_dis"/>
    <fontcolor bgColor="ffe7e1ef" name="CallSiteCurrentContext"/>
    <fontcolor bgColor="fffc9d9f" name="CondAddrBreakpoint"/>
    <fontcolor name="org-netbeans-modules-cnd-cpp-parser_annotation_err" waveUnderlined="red"/>
    <fontcolor bgColor="ffdcdcd8" name="DisabledCondAddrBreakpoint"/>
    <fontcolor bgColor="ffdcdcd8" name="DisabledCondFuncBreakpoint"/>
    <fontcolor name="org-netbeans-modules-subversion-remote-Annotation"/>
    <fontcolor name="org-netbeans-modules-cnd-navigation-overrides_pseudo"/>
    <fontcolor bgColor="ffbde6aa" name="Dbx_Bpt_hit_broken"/>
    <fontcolor name="org-netbeans-modules-gsf-testrunner-runnable-test-annotation"/>
    <fontcolor bgColor="fffc9d9f" name="Dbx_Bpt_cmpx"/>
    <fontcolor name="org-netbeans-modules-mercurial-remote-Annotation"/>
    <fontcolor bgColor="ffdcdcd8" name="Dbx_Bpt_cmpx_hit_broken_dis"/>
    <fontcolor name="Error" waveUnderlined="red"/>
    <fontcolor name="org-netbeans-modules-cnd-navigation-is_specialized"/>
    <fontcolor bgColor="fffc9d9f" name="Dbx_Bpt_broken"/>
    <fontcolor name="org-netbeans-modules-cnd-highligh-semantic-markoccurrences"/>
    <fontcolor bgColor="ffe7e1ef" name="CallSiteCurrentContextException"/>
    <fontcolor bgColor="ffbde6aa" name="Dbx_Bpt_compound_hit"/>
    <fontcolor bgColor="ffdcdcd8" name="Dbx_Bpt_hit_broken_dis"/>
    <fontcolor name="org-netbeans-modules-cnd-navigation-is_overridden_combined"/>
    <fontcolor bgColor="ffbde6aa" name="Dbx_Bpt_cmpx_hit"/>
    <fontcolor bgColor="ffdcdcd8" name="Dbx_Bpt_dis"/>
    <fontcolor name="org-netbeans-modules-cnd-highlight-security-warning"/>
    <fontcolor bgColor="ffdcdcd8" name="Dbx_Bpt_broken_dis"/>
    <fontcolor bgColor="ffbde6aa" name="Dbx_Bpt_hit"/>
    <fontcolor name="org-netbeans-modules-cnd-navigation-is_overridden"/>
    <fontcolor bgColor="ffdcdcd8" name="DisabledAddressBreakpoint"/>
</fontscolors>
